store_key,item_key,naive_mape,naive_sigma,best_model_name,best_mape,best_sigma,sigma_reduction_pct
1,1,0.28822682361936713,6.357585730532482,XGBoost,0.2324804842363781,4.755866587731112,25.193826881626926
1,2,0.15220853359904685,10.55957096379022,XGBoost,0.10167502258931045,7.293531530187251,30.92966035080905
1,3,0.22040207547458174,8.582328035856596,XGBoost,0.14915763618618244,5.925161377118227,30.960907665575597
1,4,0.26586607497889825,6.5576479970144215,XGBoost,0.18811637404430415,4.331803703092008,33.94272298445724
1,5,0.3103396272596228,6.195377652110441,XGBoost,0.22818260915621003,4.286730377211412,30.80760176498446
1,6,0.16373291098587284,11.176621392127082,XGBoost,0.11662187519197668,7.985686214016373,28.550087420501104
1,7,0.18495321248868368,11.88980299220732,XGBoost,0.12910423201556948,8.04246836901041,32.35827057621129
1,8,0.18028309196795642,15.741203111394343,XGBoost,0.10727260446631026,9.539815241202122,39.395895131442124
1,9,0.21167766176796812,11.682084322725464,XGBoost,0.13912386273100602,7.7951993854454695,33.27218696511834
1,10,0.18422538590934676,15.405507792009658,XGBoost,0.11466716985379331,9.741837724638986,36.763929783010695
1,11,0.16868808150977357,12.698396880132952,XGBoost,0.11380986252077666,8.94706338823964,29.541788048555905
1,12,0.13217986015471245,10.637626698084372,XGBoost,0.09035088103825596,7.131288934126964,32.961654544512555
1,13,0.16314497303326828,15.180707952271357,XGBoost,0.10628735970919478,10.297860243639942,32.16482211490563
1,14,0.18578492607898375,12.552512725690388,XGBoost,0.10066180970954235,7.07406513893424,43.64423049373832
1,15,0.14274003649582562,13.95963740036743,XGBoost,0.09501270297752981,9.314044658447166,33.27874935919173
1,16,0.32469077138605357,9.150667240219846,XGBoost,0.23055281227569926,6.1875385564273975,32.381558699551825
1,17,0.23766561119304017,8.019289632578445,XGBoost,0.16744033172420722,5.574492016990252,30.486461115660145
1,18,0.14538722400857426,13.525647630065968,XGBoost,0.10292875346393285,9.909538245590033,26.735203247774532
1,19,0.18654459773597457,8.418264447138668,XGBoost,0.14140676143640513,6.280152438659432,25.39848946187443
1,20,0.20703239605016321,10.649359740202888,XGBoost,0.1377266060402537,7.142087230712762,32.93411618211807
1,21,0.20143810403562026,8.523820645382495,XGBoost,0.12842781201278852,5.9688410253515345,29.97458213078472
1,22,0.13744925169005753,14.27396853489975,XGBoost,0.09179069688282984,8.752923147026916,38.67911978630132
1,23,0.25803057883225256,8.748291758717935,XGBoost,0.15203189963399205,5.423100460388129,38.0096067899902
1,24,0.1616133881401003,11.049702030127808,XGBoost,0.11531052590733562,8.42446629512156,23.758430117376506
1,25,0.16323490204612454,14.266941798604167,XGBoost,0.10414341057692421,9.657158225271235,32.310943987897524
1,26,0.18963089254171442,9.709418836489617,XGBoost,0.13862079460487592,7.265366688231327,25.17197156098708
1,27,0.27273731450846944,6.316693843935481,XGBoost,0.17354045914091817,4.32678819996596,31.502328482802533
1,28,0.1595957777888553,16.542359733479366,XGBoost,0.09944074141570702,10.613621182372855,35.8397389890367
1,29,0.17619684530163698,15.04744844583468,XGBoost,0.10820853306855419,9.430922575025493,37.325436874076225
1,30,0.19155065318102124,8.590709322858729,XGBoost,0.1316280648885109,6.076536110266468,29.26618883381821
1,31,0.1805967089655817,11.607219485946473,XGBoost,0.11060308287708394,7.501157910971519,35.3750661814089
1,32,0.206636057834708,9.601197369188977,XGBoost,0.1395727402060849,6.944210251850927,27.67349753546925
1,33,0.16082353774240948,12.777240837556711,XGBoost,0.11282453688040656,8.888471506320569,30.43512586696895
1,34,0.23209218692795694,6.588540269001486,XGBoost,0.18113419904080685,5.039490631449161,23.51127221367182
1,35,0.16582609995000244,12.768936828512008,XGBoost,0.09534689237271834,7.019227360802624,45.0288817693165
1,36,0.1604880677311775,13.787965004943413,XGBoost,0.1164620033541013,9.716920337450874,29.52607339830745
1,37,0.29607917759941194,9.402573322934934,XGBoost,0.20201663916767554,6.5574419470683765,30.25907140683136
1,38,0.16956561232857434,16.425816674252427,XGBoost,0.10812022915427537,10.630866537250247,35.27952522498198
1,39,0.26145018021698485,12.459907035181695,XGBoost,0.15899427455290924,7.589935191714128,39.08513787235132
1,40,0.22461952763821924,7.350419510829891,XGBoost,0.1639940226459272,5.392261368672079,26.640086858616975
1,41,0.30595732526965824,7.557076969755146,XGBoost,0.2297981432334128,5.551660071849478,26.53693889756219
1,42,0.2250287651253265,8.884639170321616,XGBoost,0.15512078518273278,6.246858414754071,29.689227722143496
1,43,0.18694861796344983,10.280926216080308,XGBoost,0.1415904478165699,7.905447623173422,23.105686617917954
1,44,0.2961319306002413,9.764859674979958,XGBoost,0.19501013739075032,6.614494923894272,32.26226342153915
1,45,0.16520061638337452,14.913362635340416,XGBoost,0.11016385947480066,9.900163295087706,33.61548607671389
1,46,0.18949105871810287,12.729217062842748,XGBoost,0.11694580457439056,7.834092302659059,38.455819678594494
1,47,0.2541242262107368,6.116952234119204,XGBoost,0.17583462005259706,4.471988893246502,26.891878143128324
1,48,0.18018974704684532,9.95249106286593,XGBoost,0.12631712096310233,6.839317786303093,31.280342347440037
1,49,0.19844621533878262,6.970648654610964,XGBoost,0.1544552924924021,5.108200264638076,26.71843729694956
1,50,0.1801969773697618,13.001451644483081,XGBoost,0.10903067237102136,7.969891766246737,38.69998532334189
2,1,0.29293582388448874,9.113573093172942,XGBoost,0.18342066734619608,6.10250802366015,33.03934734191585
2,2,0.16251954079165337,14.160620483569716,XGBoost,0.09448323800675265,8.894824802989474,37.18619312402333
2,3,0.18876906519547265,11.290817548669516,XGBoost,0.12038972400198247,7.390434677230101,34.544733847895955
2,4,0.21677146674902334,7.627080716004466,XGBoost,0.15136177194774,5.402050867726346,29.172758636330876
2,5,0.24881277865140952,7.958106685402291,XGBoost,0.15811515312053723,4.955102487836193,37.73515882960663
2,6,0.16371403662477907,15.25549253731716,XGBoost,0.11357713856987503,10.634408044957658,30.291283490556964
2,7,0.1542831332257246,14.724914288790657,XGBoost,0.10310902135316184,9.496287246867164,35.50870952032492
2,8,0.14245318450201633,17.589536154512786,XGBoost,0.08501318950381241,11.211597528524699,36.25984545562765
2,9,0.18047546726828131,14.783818034622886,XGBoost,0.10775538012826892,8.872228224095162,39.986895108442944
2,10,0.1619516523063329,18.275572113414754,XGBoost,0.10325811636090929,12.236721658774503,33.043290886678044
2,11,0.16302744803894423,17.27483290475607,XGBoost,0.0997379735539837,11.20647891409308,35.12829342037958
2,12,0.14919502332514395,17.265111926171237,XGBoost,0.09007801985544575,10.543519959957239,38.9316443180719
2,13,0.13071858067264963,16.98859964555248,XGBoost,0.08720713485717857,11.385992634671023,32.978627595996045
2,14,0.14010951909094,12.672785736678387,XGBoost,0.09052160445288449,8.694433895479953,31.392875440827773
2,15,0.11569791453885289,17.973011566464734,XGBoost,0.08040340470627036,11.191198357725064,37.733315775491064
2,16,0.24932782979223966,10.117229725318046,XGBoost,0.16151199732614158,6.63692602851856,34.399769416030324
2,17,0.22345096195107156,11.27027026639945,XGBoost,0.14006638620701342,7.144004589476042,36.611949663933295
2,18,0.13179737026325747,18.19239430922552,XGBoost,0.08038427688906259,10.910325824629844,40.02809284373787
2,19,0.18915459833358234,12.353701925581865,XGBoost,0.11457093738077147,7.560989223027498,38.79576123355937
2,20,0.14940244907719852,10.821467401089944,XGBoost,0.10735753298564044,7.478930441026937,30.888019491019712
2,21,0.2023850453162068,13.911792974141584,XGBoost,0.12601429289863467,8.464375416649677,39.1568331099898
2,22,0.10886422118038658,14.785369216125202,XGBoost,0.07666422183244957,11.000896760935733,25.596063242452228
2,23,0.20047078080129666,9.765691429539949,XGBoost,0.12938105676560857,6.3343369671764345,35.136830680356255
2,24,0.1397964281084105,14.962894063574863,XGBoost,0.08552865303404492,9.154090132840519,38.821393147967875
2,25,0.148649175368224,18.639205222675532,XGBoost,0.09738219221841553,12.79697468421353,31.343774955353965
2,26,0.18268459093546616,13.588884717456013,XGBoost,0.11844706226528172,8.841906860636668,34.93279953079204
2,27,0.19524649764489208,6.915848006935996,XGBoost,0.16174655691574616,5.359085467130938,22.510074516440504
2,28,0.1387065018483674,19.522032954180727,XGBoost,0.08795107703757296,12.315735410830397,36.91366345023545
2,29,0.15426191896201621,17.10104242945187,XGBoost,0.10074471579787482,10.769060527836546,37.026876740041395
2,30,0.16666809467127872,10.674303485346321,XGBoost,0.1374492938842273,8.510695815896966,20.269310053059243
2,31,0.1523413758969599,14.764285072849772,XGBoost,0.09135303800695026,8.730214425563068,40.869372390965495
2,32,0.20144805534912014,14.909601789236925,XGBoost,0.13159638075928148,9.802308196806306,34.2550637141598
2,33,0.15705432659163882,16.956409643497317,XGBoost,0.0958265051473191,10.536403741431233,37.86182356433054
2,34,0.2187868770998514,9.192082791660107,XGBoost,0.14334278176445908,5.903959300870714,35.77125625731611
2,35,0.1508891409427171,15.787812284240273,XGBoost,0.08943290913844375,9.645226463766106,38.907137416409654
2,36,0.15839907512615778,19.3642382223067,XGBoost,0.09433778938089778,12.277180352437727,36.59869181791522
2,37,0.22175159622307,9.761434056527897,XGBoost,0.14641627440306137,6.840137809643831,29.926916782585522
2,38,0.14423639275920605,17.786169516985844,XGBoost,0.08494290161308725,11.452812908868047,35.608322534368185
2,39,0.14959753157793668,10.570492333382148,XGBoost,0.09819990291514298,7.047008004407686,33.33320925693424
2,40,0.23501339538605115,10.662900349364957,XGBoost,0.15104599359136925,7.139122558029592,33.0470854634333
2,41,0.24779327567653522,8.915647598322161,XGBoost,0.16261990439780763,5.513444407485051,38.159911025166274
2,42,0.17306648149486553,10.676602788781285,XGBoost,0.11235110522641159,6.9208921734190465,35.177019222899695
2,43,0.15497150981921962,13.228323144145083,XGBoost,0.09880415901683422,8.83314022814874,33.22554845465559
2,44,0.19357470900865606,9.080748078573007,XGBoost,0.13954929790758702,6.679702766878133,26.441051892634228
2,45,0.13967749911496316,18.145283516756848,XGBoost,0.09809267548106482,12.136789046977837,33.1132575814
2,46,0.1419996247856625,13.669932584185894,XGBoost,0.09403617790344927,8.643738252436904,36.76824520380999
2,47,0.25685543168883834,9.282424350113267,XGBoost,0.1814528070777086,6.330903916140279,31.79687032878401
2,48,0.14306350064197543,11.800474331895145,XGBoost,0.09846471679813516,8.078839486330121,31.538010599336076
2,49,0.17985668139790056,8.942989791554558,XGBoost,0.12293447822685998,6.134734333488844,31.401751802487034
2,50,0.15432555677401288,16.439885279346964,XGBoost,0.09132857576343509,9.571290853791119,41.78006299219555
3,1,0.20267248320192474,6.4096499155674485,XGBoost,0.1538399559896628,4.932203804474727,23.050340198836317
3,2,0.1563597400274885,12.647637444173302,XGBoost,0.08868866415134467,7.677984745595994,39.29313059860677
3,3,0.23008066024061471,11.45678329291983,XGBoost,0.15508358262935182,8.18731346887269,28.537415262691034
3,4,0.2794003538407662,8.100325003949719,XGBoost,0.18367280512166584,5.58416381201281,31.06247207007161
3,5,0.22492739710541124,5.9492598920587145,XGBoost,0.17316332371773405,4.431876243773653,25.505418754869325
3,6,0.16304524233243164,12.834627522476337,XGBoost,0.09220929387076268,7.60820603574512,40.721255662297715
3,7,0.1534644456718539,13.234637805411241,XGBoost,0.0945771913220452,8.072330670571331,39.006032584656005
3,8,0.15438013379564472,16.943823880749687,XGBoost,0.08745435311161245,9.736563543155945,42.536208994606554
3,9,0.17062568190375843,11.499787072957636,XGBoost,0.10230491343939974,7.652516196162128,33.4551487987336
3,10,0.1734590139492576,17.78228408639319,XGBoost,0.10037462928230474,10.209877135446083,42.583994914024736
3,11,0.15471757851259413,15.855305330360814,XGBoost,0.09723192558685731,9.821182890703126,38.057434492309284
3,12,0.1614617731391567,15.524909472920585,XGBoost,0.09903808214230123,10.135244324773144,34.716242033799915
3,13,0.13347576727079594,16.64644218045047,XGBoost,0.0965255666452589,11.325000754878305,31.967440056480356
3,14,0.17498668491887343,14.119799187558934,XGBoost,0.10042982359770293,8.871921261696109,37.166802842966575
3,15,0.12370714992432745,16.546489401518755,XGBoost,0.09392963749345365,11.417171473985263,30.99943319132509
3,16,0.21940060372064482,7.946390791580659,XGBoost,0.147460396424391,5.451636259556881,31.394813034705194
3,17,0.2039570809272535,9.238957588108036,XGBoost,0.14512081913262528,6.750047958179426,26.93929056598572
3,18,0.14331766696420106,17.50918126502289,XGBoost,0.0936914693910516,11.201758164733464,36.02351820350053
3,19,0.18790794673856887,10.947906880954749,XGBoost,0.1281737952061278,7.055196707962134,35.55666133555147
3,20,0.18934492524606028,13.139117438823265,XGBoost,0.132689838258811,8.863336239723953,32.54237751513887
3,21,0.19676128161067477,10.546758445720402,XGBoost,0.12023056776044648,6.641849114045473,37.02473467816492
3,22,0.1441779740431686,16.662396331410935,XGBoost,0.08712070488510315,10.107554505358143,39.339130432853786
3,23,0.25894587395016727,9.858258486760333,XGBoost,0.16747355772561703,6.527344696822042,33.78805490251363
3,24,0.18325021787466247,17.949399999554405,XGBoost,0.1255135081655951,12.885724611699667,28.21083372135249
3,25,0.11792018203955182,13.792447402516009,XGBoost,0.0716927341333888,8.519417304576338,38.231286616889825
3,26,0.16967131729399965,11.883587874628128,XGBoost,0.12243302789217998,8.330702003737168,29.897417416136552
3,27,0.26747181940017567,8.30659510370606,XGBoost,0.18014943275629777,5.5018671500113525,33.765073639418794
3,28,0.13572551605508537,17.411780230027787,XGBoost,0.0833686914666733,10.628852344588132,38.955970014726226
3,29,0.153820684223861,15.218440513962614,XGBoost,0.10840624475632504,10.824114576387789,28.87500814254338
3,30,0.20190156944008258,11.249903115790286,XGBoost,0.1353409446183121,7.508057019590583,33.26114063104839
3,31,0.16891766610650827,13.803653518322385,XGBoost,0.10758625493865663,8.59522429784199,37.73225120122689
3,32,0.22667040773613606,14.442940931873473,XGBoost,0.12221469115599648,8.069779468056222,44.12648015303178
3,33,0.1354476609747014,13.214731207221769,XGBoost,0.09396892945194678,9.256966199947367,29.949644417371935
3,34,0.2506014679939553,9.11268837091652,XGBoost,0.15900588563988838,5.975094443761019,34.431046025553194
3,35,0.1421652250594236,13.741291817446834,XGBoost,0.09308948568650408,8.789383535227191,36.036701265105066
3,36,0.1382611160861415,15.341482476201781,XGBoost,0.09317702589255818,10.239519400136802,33.25599780842116
3,37,0.23003577759532698,8.942829513824478,XGBoost,0.15646478699572705,6.17667330751194,30.93155473931837
3,38,0.13981936372115586,17.01791796232945,XGBoost,0.0924124480616982,10.668908181623912,37.30779402486007
3,39,0.21103872434867998,12.83317562257923,XGBoost,0.1351986316992615,8.350206023642125,34.932659933754664
3,40,0.2651202157462401,9.973848988264615,XGBoost,0.18507881240143043,7.007486810010099,29.741398548792787
3,41,0.2557018881062126,7.673740132778675,XGBoost,0.17095353450036888,5.142612407164042,32.98427731221734
3,42,0.21339745332033394,11.302490751205232,XGBoost,0.1387856403588875,7.396477512338907,34.55887135718125
3,43,0.158850043535085,11.554809250609232,XGBoost,0.11856220743425262,8.163671532606278,29.348279529791064
3,44,0.2273067965619794,9.557799375686681,XGBoost,0.14477228944556061,6.097325537755842,36.205759316665095
3,45,0.14815082563019646,16.9088327209394,XGBoost,0.0957652375184375,11.6182780206779,31.288704475205044
3,46,0.13164945648885965,11.19846586994935,XGBoost,0.09129645820942771,8.211083130097823,26.676714244118504
3,47,0.23564784756093546,7.1452074489669,XGBoost,0.1560651614548495,4.810618300981201,32.67349709102218
3,48,0.18686632802788347,13.95623149405053,XGBoost,0.12028707601653817,8.843308275754518,36.63541422679628
3,49,0.18623564433218784,7.735072240805058,XGBoost,0.12792849326429362,5.4875727920451665,29.055959385920026
3,50,0.14943393952374462,14.486442745248784,XGBoost,0.10075586267144576,9.673089569418613,33.22660545777423
4,1,0.2854614305091987,7.413234378868914,XGBoost,0.19205269865526928,5.164153794525458,30.33872220139644
4,2,0.16725581190564182,12.80365526523498,XGBoost,0.10514576945381575,7.957478481177281,37.849947406942775
4,3,0.19135210934213928,9.216376241108973,XGBoost,0.14083814919004728,6.7041634866823845,27.258140170331234
4,4,0.2621951378730339,7.248045356555327,XGBoost,0.19792494176551953,5.4147197218351435,25.294069566798093
4,5,0.36512651910444577,7.986401486004331,XGBoost,0.229249062223499,5.162360670413242,35.360616674982396
4,6,0.170676035567715,12.501963534266755,XGBoost,0.1186619105912991,9.151681147314001,26.798049584530716
4,7,0.16451502784994163,12.925602101251817,XGBoost,0.11613283104257585,9.178543513425218,28.989431660314725
4,8,0.14153684402724342,13.87347698282333,XGBoost,0.09619276984136267,10.012198317394125,27.83209047169525
4,9,0.18803241745608645,13.093474812152577,XGBoost,0.13426261332210948,9.292494486452222,29.02957679479028
4,10,0.15485237910329636,14.922990724848455,XGBoost,0.1026415247909984,10.035425003493701,32.75191824127055
4,11,0.16121226107217818,15.208064850684583,XGBoost,0.09917166272039159,9.330817992420327,38.64559308477497
4,12,0.15647924717891784,14.250585691352613,XGBoost,0.10220277929244442,9.446504533842637,33.7114646482575
4,13,0.14203772863730815,15.832451086475462,XGBoost,0.09425733323096826,11.027481148934585,30.34886961782829
4,14,0.16151058199537838,12.404836032754412,XGBoost,0.10537488489936007,8.293080389476144,33.14639252321726
4,15,0.13385280182786702,16.382944180139162,XGBoost,0.0820217771573858,10.494386303296288,35.943221267771264
4,16,0.29059063574862726,9.192687012266571,XGBoost,0.17185319602754434,5.674775100633631,38.2685922727348
4,17,0.21924496165062649,8.674173185881857,XGBoost,0.14230826923983084,5.994352994289899,30.894243568408932
4,18,0.14721502032041056,16.713012087982044,XGBoost,0.10227038300791902,10.975394118301926,34.33024483842689
4,19,0.19004103324339744,10.1197795375294,XGBoost,0.12756353356331926,6.781476682253578,32.987901000171604
4,20,0.1939892738924967,11.808129229906692,XGBoost,0.11433467391947205,7.060168534906404,40.209254171905826
4,21,0.2321228105025795,11.57973665518109,XGBoost,0.15294476872785895,7.688656393906308,33.6024935380012
4,22,0.14377394260080112,14.447443344996374,XGBoost,0.09651079034433395,9.86241489393343,31.735915771221144
4,23,0.258747250776179,8.817596044274199,XGBoost,0.1831472189041115,6.6984288948642465,24.033388905200027
4,24,0.14595701093656938,13.373833120194213,XGBoost,0.09469224158410318,8.323056539648038,37.766110397471664
4,25,0.17154707092117286,17.740723705417807,XGBoost,0.10996333451192157,11.752267064105354,33.75542475464882
4,26,0.18496225116867995,10.896441688531718,XGBoost,0.12301915078885681,7.330631482219091,32.72453804865096
4,27,0.2837418409447899,7.955562198843369,XGBoost,0.19197543015385596,5.48211987382081,31.090729519808967
4,28,0.15436764070748554,17.039466147547188,XGBoost,0.10567899277090455,11.737386486151262,31.116465829882557
4,29,0.1435726590762126,13.73976185749306,XGBoost,0.09706582442160609,9.056499584408613,34.08546903256844
4,30,0.19598360830002448,9.988789703084228,XGBoost,0.13657752832694395,7.030112251963846,29.61997938756118
4,31,0.16374352591355779,12.391386702268639,XGBoost,0.11768065253683352,8.73997489144834,29.467338067593285
4,32,0.17828924539655794,10.41115461743929,XGBoost,0.11715715538664591,6.920823364364536,33.52491996640071
4,33,0.13654583902662804,12.22218264820554,XGBoost,0.09084740822144852,8.462497482179502,30.761160050067105
4,34,0.2706149347321335,8.821604836808257,XGBoost,0.1741068275437927,6.210369061874196,29.60046185744625
4,35,0.15110969615553502,12.601631751096887,XGBoost,0.0954665102170102,8.468411276409274,32.79908948559653
4,36,0.14996144989019977,15.409690208347728,XGBoost,0.09776750169700237,9.410028552858943,38.93434309431251
4,37,0.24028945837469795,8.403658509823993,XGBoost,0.16773490422705253,6.1537083326703845,26.773460327110932
4,38,0.13597722956283118,14.732667142359798,XGBoost,0.08622532020763062,9.58835602573638,34.91771766045228
4,39,0.21788487751377597,12.825909001332555,XGBoost,0.13290565254830475,8.018242371270825,37.48402261050063
4,40,0.2212170207740915,8.611040813348543,XGBoost,0.14565737563394918,5.806835899320142,32.56522614178553
4,41,0.25575467239924604,6.881982403091743,XGBoost,0.17699087927664803,4.927559634075622,28.399124765824645
4,42,0.21363585684556438,10.489660005594416,XGBoost,0.14059300283663043,6.728204225545984,35.85870064465718
4,43,0.18335787469166656,12.188297121322163,XGBoost,0.11833955797985665,8.388325852063064,31.177212299915492
4,44,0.24074216629913958,8.891896008172973,XGBoost,0.1778975251394504,6.512217714691713,26.762327081805527
4,45,0.1654354457431584,16.056945217807268,XGBoost,0.09791337046737372,10.358150361123226,35.4911521424638
4,46,0.16489932673936547,12.847682589542893,XGBoost,0.10038571801507444,8.197383972746188,36.19562192937208
4,47,0.23722764231298163,6.506933345099891,XGBoost,0.1729332429156298,4.873863492005777,25.097381000896736
4,48,0.17763955107000542,11.964566854239047,XGBoost,0.11715633913477382,7.636473997393631,36.17425444291761
4,49,0.2490765764151213,8.526286607090976,XGBoost,0.1502520435716521,5.412377812343347,36.52127752963305
4,50,0.16882564489132793,14.188761425450151,XGBoost,0.11415279482754649,9.648823624920514,31.996716728117114
5,1,0.2974757678145258,5.759348120993072,XGBoost,0.23085995078809626,4.346418041319076,24.532812568210705
5,2,0.1953246228570853,10.761986506193175,XGBoost,0.14025538032130838,7.973605635455354,25.909536953360767
5,3,0.2267017512026815,8.072555299799625,XGBoost,0.1516210655435501,5.544231447212741,31.319994211122225
5,4,0.28627330527900424,5.617612736912425,XGBoost,0.19937413702874435,3.9287635715535316,30.063467249384036
5,5,0.34041794862531166,5.794157806949163,XGBoost,0.2307597759139601,4.004723136896994,30.88342999401964
5,6,0.19866148288211277,10.710386294711306,XGBoost,0.12959799764264804,6.8956180273942556,35.6174666566485
5,7,0.19817334172280238,10.999560213594853,XGBoost,0.1253131877871556,6.959694386656963,36.727521359852524
5,8,0.1914306620017976,13.710102607977134,XGBoost,0.11432747708136272,8.326944581004419,39.26417023196136
5,9,0.24042638184623755,11.21216896587162,XGBoost,0.17014631019269913,7.884251860965314,29.681296411390612
5,10,0.19338002378697083,12.795219036651584,XGBoost,0.11715186061668255,8.190213648338906,35.99004733816401
5,11,0.19382840878048285,12.212850883723856,XGBoost,0.12235199869918982,7.854240663301096,35.688720528238896
5,12,0.16310490537771846,10.961579953149023,XGBoost,0.10118212849311571,6.990961541963274,36.223048394087364
5,13,0.21343898030076308,16.336387853013587,XGBoost,0.12386254708215941,9.837003489607836,39.78470896922788
5,14,0.213356318155801,11.770637100616922,XGBoost,0.13416321708107953,7.468089773362794,36.553223844006055
5,15,0.17102078830983125,15.353779118051834,XGBoost,0.10660148409226557,9.412489453118425,38.695943319570624
5,16,0.2999820358575734,6.404159467147096,XGBoost,0.20637068519534915,4.536158581956968,29.16855669776566
5,17,0.2628294737378336,8.785949289699195,XGBoost,0.17256519811427212,6.102646386484117,30.540842141679903
5,18,0.14463011597236575,11.662989432541872,XGBoost,0.0979283373472723,8.664633087195062,25.708300283466322
5,19,0.19738817536987843,7.272156285951267,XGBoost,0.13160679141930534,4.841356346120078,33.42612348041991
5,20,0.2567223137584777,10.729055753543149,XGBoost,0.16222459843543427,7.076142996574348,34.04691746300663
5,21,0.2253958105308578,7.977632371281212,XGBoost,0.15684842397152496,5.794680182653807,27.36340917996979
5,22,0.15473670623800082,11.740708782429106,XGBoost,0.10040362455649937,7.542737427578568,35.755689308409835
5,23,0.2797207222917089,6.9696975677126645,XGBoost,0.20598460092280313,5.146907204980985,26.153076873461643
5,24,0.20691164012179836,12.789275809388865,XGBoost,0.1397274571769468,8.439618981258839,34.010188637396155
5,25,0.18142342322216778,13.977150146946675,XGBoost,0.12021839723284052,8.97161343997298,35.81228400889118
5,26,0.23349501968013883,10.308059552328587,XGBoost,0.15768976455751274,6.9348341232443955,32.72415542382252
5,27,0.3717553199320017,7.087156205875437,XGBoost,0.26596504271005034,4.677372319611582,34.002127457922846
5,28,0.17377561194056695,14.518271928167614,XGBoost,0.10286175600019586,8.901282940190233,38.68910167662298
5,29,0.17636014365514469,11.195308211193723,XGBoost,0.12532574942450414,8.357031105310382,25.352380232332195
5,30,0.25720624846179757,9.265442424181082,XGBoost,0.17912773676249621,6.599693453089995,28.7708762199415
5,31,0.2221686500030371,11.97947759382382,XGBoost,0.1526485666965464,8.442957685219938,29.521486900457017
5,32,0.2294633776686523,9.391438446866912,XGBoost,0.160299338821476,6.488623737557106,30.90915971746818
5,33,0.1722830502833371,10.877241436637462,XGBoost,0.10863641563562013,6.596959649282631,39.35080242806504
5,34,0.32308189847866986,7.423507039171626,XGBoost,0.20864091727321327,4.981472836910804,32.89596398811152
5,35,0.18471776598741424,11.33014005114656,XGBoost,0.11087574554131314,7.438762690171692,34.34535975202776
5,36,0.16360839998176296,12.409880586378732,XGBoost,0.1163624194050033,8.931475636096815,28.029318461773634
5,37,0.2808619878566275,6.560707357595784,XGBoost,0.20455085371385243,5.165760695245768,21.262138155499187
5,38,0.1670555801543774,13.209564503122712,XGBoost,0.11559635021659441,9.382604005427092,28.971132975587
5,39,0.2539668438062975,9.954141145454065,XGBoost,0.17222094145990843,6.677828462735017,32.91406696815123
5,40,0.2764537758533705,7.557922533630978,XGBoost,0.18618554605717927,5.108311076963378,32.41117444333948
5,41,0.3696604549967765,6.433347485269292,XGBoost,0.27512269252105875,4.644128027861381,27.811640230918076
5,42,0.24290152960404646,7.652970968457388,XGBoost,0.15780705280593135,5.476323366158339,28.44186409788245
5,43,0.2076588221000142,9.88183288251792,XGBoost,0.12300679102348797,6.193060206131549,37.328830797292945
5,44,0.29570888220724617,7.672175638325971,XGBoost,0.19281851716734227,5.118495961612523,33.28494806553526
5,45,0.16635965665647912,12.239892912103484,XGBoost,0.11329788888046873,8.672817728159337,29.14302608331504
5,46,0.18914087396706553,10.412284633318306,XGBoost,0.1436031315755073,8.04706166451354,22.71569643069764
5,47,0.30381742852849625,6.460758462010741,XGBoost,0.22400012553953777,4.737130530871546,26.678414636209148
5,48,0.18945356283798662,10.55580918268204,XGBoost,0.13693010690297336,7.093851161478056,32.79670900913694
5,49,0.22246261333022696,6.195454770914112,XGBoost,0.1533621093486997,4.255665126414103,31.30988307116318
5,50,0.1803266911463632,10.993982630741481,XGBoost,0.12588167227730204,7.731741722652214,29.672967637472492
6,1,0.33447107014730526,6.133099284399212,XGBoost,0.22542418519346719,4.121311497655052,32.80213956199197
6,2,0.20685690051550432,11.176514520525632,XGBoost,0.13181369457387976,7.1021912073549816,36.45432845533524
6,3,0.2956859174640245,9.558080558647724,XGBoost,0.1957044262291933,6.49270711951834,32.07101488965763
6,4,0.36769767447475665,6.9017748397672145,XGBoost,0.2539701377853168,4.75498967602279,31.10482757818903
6,5,0.39312885847616075,6.178842419538222,XGBoost,0.263172023646318,4.148580168500118,32.858294696401025
6,6,0.19062362138165453,10.564405571259384,XGBoost,0.1222231571918769,7.017961430657164,33.56974622642633
6,7,0.1987734273015956,10.272377481889711,XGBoost,0.13903622312467223,7.470046877919652,27.280253367933494
6,8,0.17779517126938335,13.369581143484698,XGBoost,0.11169658553967102,8.680520444752492,35.07260734953759
6,9,0.18612749777066404,8.863102544686607,XGBoost,0.13482411988159393,6.4955481613431365,26.71247874439644
6,10,0.14876329644211414,10.697598088981819,XGBoost,0.09333451693882677,6.488201781209758,39.34898537745218
6,11,0.18108962927869038,11.69263144873262,XGBoost,0.1273021531797377,8.299850918965095,29.01639844412672
6,12,0.18953929648088477,11.900607652301952,XGBoost,0.125671631474008,8.463174824868311,28.88451521018537
6,13,0.1747135005719162,14.864445630707712,XGBoost,0.12258593424237535,9.88584607387821,33.493341632226524
6,14,0.2090100195005707,11.146609099180697,XGBoost,0.13173621424245813,7.609888360993341,31.729117857441636
6,15,0.15603607029931757,12.298577833327233,XGBoost,0.12533740306541072,9.858774169462306,19.838095891489495
6,16,0.23878149884054917,6.040346509363287,XGBoost,0.1630203893527269,3.969289984218188,34.28704829987327
6,17,0.23434295579921524,7.1535944142422725,XGBoost,0.17204637008574244,5.384870153961208,24.724972620193096
6,18,0.17845558146651772,14.973028785709252,XGBoost,0.11246097630591914,9.495765001412227,36.58086725596029
6,19,0.21723656780337336,8.595046296055802,XGBoost,0.1641294113152902,6.103861469594807,28.98396053554918
6,20,0.19376074350788097,8.91141304001807,XGBoost,0.13035325908335954,6.2108198411215785,30.304881916807837
6,21,0.24509177978060265,8.56839909036751,XGBoost,0.16698205535297272,6.023637413032381,29.69938316944083
6,22,0.18532587247209795,14.038115305078575,XGBoost,0.115017059339143,9.069527090823287,35.39355608838603
6,23,0.2945386442032331,7.744447635757566,XGBoost,0.21075761221895276,5.4390025801495865,29.769005667535374
6,24,0.21541661121072125,12.2873454455559,XGBoost,0.13095143941532356,7.857114839759474,36.05522954837049
6,25,0.14704921220915398,12.162205994735706,XGBoost,0.10491662840577379,8.792000783299917,27.710476314038335
6,26,0.2511929706878855,11.107239066262483,XGBoost,0.1551755426919894,6.970406890894986,37.24446868108616
6,27,0.271253556912464,5.6144968831442155,XGBoost,0.18984006884835342,4.075253525498597,27.415517181365246
6,28,0.16887181832907433,14.792270808798794,XGBoost,0.1063737715908933,9.16616959491414,38.03406039955755
6,29,0.193789103315771,11.588377458323452,XGBoost,0.12811302948614975,7.697196980367099,33.57830284654284
6,30,0.20599563338308366,7.477406644619604,XGBoost,0.14440146797481443,5.257047199627077,29.69424495042269
6,31,0.18179568640799224,9.573863529226545,XGBoost,0.12730436832330647,6.85333892015831,28.41616240677728
6,32,0.24491847657709986,10.155245020842642,XGBoost,0.17209811288010463,6.92621100587788,31.796712027503894
6,33,0.18733592355090262,11.930079783100838,XGBoost,0.11912641134183115,7.688053575489216,35.55740015771332
6,34,0.23207729512896977,5.99803877804995,XGBoost,0.17823959404836645,4.193868640251205,30.079334338436993
6,35,0.17268482338931024,11.150300110157746,XGBoost,0.10921821039474974,6.788248871405769,39.12048281802045
6,36,0.17089204554043516,12.016924480116439,XGBoost,0.10561285590543461,7.788534569075536,35.186955847457654
6,37,0.23523045013557997,6.0244267073650075,XGBoost,0.15539382187641412,4.135529916327805,31.353967485868505
6,38,0.18749767838562073,13.48766933462811,XGBoost,0.12410393217574218,9.483979105663051,29.68407757955649
6,39,0.19337280162334206,8.109933566670264,XGBoost,0.11458311189939403,4.84070930105323,40.3113569148421
6,40,0.2928447819281782,7.928995395920797,XGBoost,0.19677766624512927,5.205772127143738,34.345123597600605
6,41,0.2759991742467257,5.4586137805453925,XGBoost,0.21309855208474984,3.828399826835072,29.864980730463753
6,42,0.2787807789220274,9.011167886539877,XGBoost,0.18595966134410652,6.097529563945781,32.333637096543754
6,43,0.205825045257725,10.065623189168937,XGBoost,0.14203149648623722,7.021182263108488,30.245925849245026
6,44,0.27141079822105324,7.452861900080549,XGBoost,0.18095040351974112,5.0555555685184554,32.166251886891715
6,45,0.17295525981388044,13.49836305129258,XGBoost,0.11684210358952372,9.199358978950691,31.848336394613597
6,46,0.19047544390360627,10.50324728527301,XGBoost,0.12105918427390819,7.013670545076535,33.22378922839738
6,47,0.2754000449088661,5.552253624050434,XGBoost,0.18301252495718726,3.909001355847292,29.596131219315048
6,48,0.20865082285067446,10.009694297685138,XGBoost,0.12652167615733106,6.413396270264754,35.92815045562452
6,49,0.26457943469693485,7.257556155959383,XGBoost,0.18939326429148504,5.091863705914877,29.840519363617958
6,50,0.1966173681728821,12.16538269322519,XGBoost,0.11772797016688225,7.042546755494547,42.109944807437195
7,1,0.36041959333970164,6.3128635008612735,XGBoost,0.22674738471138153,4.132418221384602,34.53971845231867
7,2,0.20024932512268673,9.83652208589485,XGBoost,0.1375494139187396,6.888367898247654,29.971509868053094
7,3,0.2555511489544013,8.098444696227173,XGBoost,0.1924063582049503,5.971590177610982,26.262505930392166
7,4,0.3305981022951496,5.89000749121222,XGBoost,0.23873833324097135,4.157727781625301,29.410483979374348
7,5,0.3431653885578027,5.217120553573665,XGBoost,0.2775483133739258,4.114176620877461,21.1408557914327
7,6,0.18776110752789135,9.208493088415088,XGBoost,0.12315871110236445,6.270198106100963,31.908532200677875
7,7,0.18565159922673227,9.612437197569083,XGBoost,0.12418036281067915,5.93911102904049,38.21430603944598
7,8,0.18504700209825736,12.338589979231228,XGBoost,0.11924983490343152,7.902425847031064,35.9535744332803
7,9,0.207992674743442,9.365539501177322,XGBoost,0.1339247803192101,6.0307597795700545,35.60691534308364
7,10,0.1740130549942154,11.461869938802645,XGBoost,0.11820693597995083,7.4790771714818165,34.74819369427331
7,11,0.1945595484093983,12.175079503532759,XGBoost,0.1197504575186202,7.716521301055668,36.62036211905952
7,12,0.16647149853266477,10.178172639525274,XGBoost,0.10962284931988407,6.769284658526414,33.492141484818205
7,13,0.17834364325949179,12.240639431942228,XGBoost,0.11463188522096329,8.070054073917833,34.071629845914394
7,14,0.2027787245755304,10.134122063838477,XGBoost,0.1256093880446901,6.482903634873033,36.02895648942363
7,15,0.14905327362754028,10.933206190824563,XGBoost,0.10085709737370216,8.093118077245055,25.976717753324596
7,16,0.2940968390216673,6.293078960998707,XGBoost,0.21156784113893728,4.444446247798706,29.37564782925629
7,17,0.2959851889044635,8.174897776427581,XGBoost,0.20035649789980345,5.541273570535923,32.215989458433924
7,18,0.17550838535305976,12.705054841990403,XGBoost,0.11131876126344405,7.69766417248773,39.412586027989185
7,19,0.2669186820761686,9.221772570684942,XGBoost,0.1774749114318081,5.892827562681918,36.09875414392016
7,20,0.1984009294922299,9.38258213857973,XGBoost,0.14911833910794065,6.561992878881398,30.06197247238055
7,21,0.24204873272028335,8.002828871558098,XGBoost,0.16266679191870537,5.399426935590846,32.53102093960416
7,22,0.2085800209590222,14.748747790749105,XGBoost,0.1499931645490358,10.037640022364542,31.942425453498657
7,23,0.31692595323047273,7.298389104212211,XGBoost,0.21461277857003144,4.772161032524545,34.61350217994915
7,24,0.212466166148992,12.21262104369117,XGBoost,0.12817065607007533,7.5446409298192485,38.222590361004606
7,25,0.18318227479316945,13.047759490097103,XGBoost,0.116830791836194,8.727577729957197,33.110525706875634
7,26,0.18753653050883076,7.660770876071889,XGBoost,0.13362028865294956,5.650273428825087,26.24406185448661
7,27,0.4061175205163183,6.116200398129646,XGBoost,0.28270796311168817,4.249715484450477,30.517066024356332
7,28,0.17649182359057974,13.647230283465504,XGBoost,0.10568797281416492,8.156323005644628,40.234590929952006
7,29,0.19032763239126008,11.410571706948232,XGBoost,0.1306664384892401,7.999608385807133,29.893009822321726
7,30,0.23270406600675714,7.426169491133149,XGBoost,0.1583941179480305,5.261097762419096,29.154623137798698
7,31,0.2048244340365162,10.562279747475324,XGBoost,0.12425176569039689,6.764653095280355,35.95461153263534
7,32,0.24112238144776665,8.955696017675729,XGBoost,0.1670350580853965,6.093305185252142,31.961679212583004
7,33,0.19126625038614026,11.473207744081153,XGBoost,0.1343459483410091,7.800497347754732,32.011190577640456
7,34,0.2644811091681495,5.474466204095172,XGBoost,0.19555304682506602,4.101151720533024,25.085815353738795
7,35,0.18876804582780043,10.607418141889422,XGBoost,0.12736629774194236,7.319670396111942,30.994797242827065
7,36,0.1812813590644752,12.87836346670284,XGBoost,0.10963454108396889,8.180034116209107,36.482347797073125
7,37,0.2958293443821223,6.25309288021231,XGBoost,0.2073396877065003,4.547810383802451,27.271024580590584
7,38,0.21736618853070605,14.31651958121298,XGBoost,0.14076113056884101,9.353243906927458,34.66817228957405
7,39,0.24239026130796326,9.115669869599499,XGBoost,0.1729100399848837,5.916523670874298,35.09502038236666
7,40,0.26829335553861444,7.001492912946028,XGBoost,0.18644617103181113,4.766689121496185,31.918960987843114
7,41,0.3949216739923828,6.36412056596334,XGBoost,0.2810200292795059,4.366402230663789,31.390328240853414
7,42,0.2645602836192637,8.696809526420811,XGBoost,0.18383362547658444,5.7878305194144115,33.44880669363809
7,43,0.23581672162848832,10.062394927976856,XGBoost,0.15993544010814614,6.756239699732021,32.85654411210403
7,44,0.2628034559288902,6.606870708874515,XGBoost,0.17122000696792553,4.62689211238808,29.968478024352407
7,45,0.17546295085438898,12.73435823269717,XGBoost,0.11501156904916673,8.416281826730248,33.90886550434621
7,46,0.20970478084763644,10.933643183898683,XGBoost,0.13783221237975388,7.2904693670206235,33.320767429498176
7,47,0.30737202030148814,5.09549279488672,XGBoost,0.23497766625882766,3.8526221982845517,24.39156812957085
7,48,0.22380122264722227,9.849391414087599,XGBoost,0.15428634545104764,6.590425715392169,33.087990533446835
7,49,0.3227102413360555,7.392807806395545,XGBoost,0.22307777237351487,5.022783331899795,32.05851601397555
7,50,0.18551239620066282,10.870584758682485,XGBoost,0.11742802119306674,7.0019625795527345,35.58798597324609
8,1,0.2014244065271585,7.09790922292171,XGBoost,0.16131436447256606,5.882789565696183,17.119402616498213
8,2,0.1615917060856351,15.19720266838932,XGBoost,0.10358120384325249,9.865882103189014,35.08093352133565
8,3,0.19025267497473544,10.80582097028513,XGBoost,0.12371715387212219,7.372989819319272,31.76835115449147
8,4,0.22529166539879455,7.0717688027143835,XGBoost,0.14901454291388833,4.753990842398692,32.77508110030478
8,5,0.23601063525883106,6.826111302113304,XGBoost,0.17180209343680894,4.976204936485405,27.10044245916683
8,6,0.15618894744906733,15.505220057146715,XGBoost,0.10087528468664346,9.808997422748055,36.73745108682375
8,7,0.1645917747030948,15.377927356604253,XGBoost,0.11780970598075452,11.121727729395658,27.6773295159358
8,8,0.13965326688987142,16.467054369214374,XGBoost,0.09584187949614564,11.160855984251217,32.223118148460394
8,9,0.17082454206828632,13.631922534710776,XGBoost,0.12182726161201991,9.589913167306836,29.651058807822793
8,10,0.13668549350818934,15.960624027594127,XGBoost,0.0817433355440755,9.615213675917218,39.756655759238534
8,11,0.12946610466592115,13.799546964180626,XGBoost,0.08782673820005908,9.71786980932895,29.578341705321577
8,12,0.15663348407767438,15.980040106222024,XGBoost,0.10400422851992416,11.031936573388528,30.964274807463667
8,13,0.139015466020797,18.110743895097933,XGBoost,0.09250402286162289,11.657114691973181,35.63425798799776
8,14,0.1613758942763266,15.056653642832133,XGBoost,0.09835803142252668,8.897121253032136,40.909039524411874
8,15,0.12772404506316762,17.40309323324579,XGBoost,0.081060846361994,11.404126883904237,34.47069017524712
8,16,0.20241210072890836,7.91501080745811,XGBoost,0.15227109812803488,5.78935715317714,26.855979176655342
8,17,0.19839769460148468,9.283530927847135,XGBoost,0.12655517175976286,6.069222932921907,34.623765676091
8,18,0.12535889807521317,17.12480186709031,XGBoost,0.08547580603141972,11.884874757501874,30.598468526858092
8,19,0.18544621364554334,11.290896891032077,XGBoost,0.12351007572908662,7.7974864645718975,30.940061362484496
8,20,0.144690570088745,10.92770404609603,XGBoost,0.10826922995680255,7.905223386907873,27.658881009574475
8,21,0.20397407468740483,12.862623586312882,XGBoost,0.12797912148270704,8.063453247926063,37.31097552674725
8,22,0.13591119280113206,17.927043314154666,XGBoost,0.08143190334714911,10.68397931951347,40.4030038178258
8,23,0.23539052110362305,10.459692158822554,XGBoost,0.18446894433308114,7.760824712604785,25.80255140626987
8,24,0.14856931912672597,14.994898798143165,XGBoost,0.09588415332702346,9.992565403960006,33.36023444721483
8,25,0.1362744615540454,17.50556528803088,XGBoost,0.08234851178524863,10.650953729525146,39.156756412730374
8,26,0.1954224462684439,14.514515692599977,XGBoost,0.11335910862303175,8.800308881756022,39.368911315155096
8,27,0.2379930899750604,7.183046278992905,XGBoost,0.15944384156243513,4.966522352170484,30.857714690001792
8,28,0.13139546374788721,19.2762098113667,XGBoost,0.09203636894890606,12.151132963092053,36.96305922170014
8,29,0.14891644188076797,15.631243138791707,XGBoost,0.09172748238541702,10.037293877954424,35.786976193562644
8,30,0.1704624653862911,10.321723875175843,XGBoost,0.10626671570084534,6.4145175530716925,37.85420312881202
8,31,0.11945523092603925,10.926261118761346,XGBoost,0.09162306710781244,8.71468726327927,20.24090245916428
8,32,0.18899050352041585,12.62731153712137,XGBoost,0.12598837649130368,8.56381646345323,32.18020765324753
8,33,0.16627061345970431,17.497945412118675,XGBoost,0.10169921849905954,11.307846493587217,35.37614715750763
8,34,0.2201010744129905,8.39462094284242,XGBoost,0.16094988278502645,6.055085683609606,27.869456824344084
8,35,0.14746760816868995,14.983491473031515,XGBoost,0.11645951086945018,11.248289713593946,24.92878089302806
8,36,0.14011584482781633,17.785266238501766,XGBoost,0.0904621496865994,10.883533267914304,38.805901907987774
8,37,0.1979872545840999,8.644177855522047,XGBoost,0.13521966792300572,6.166063536439095,28.66801632846888
8,38,0.12413641229657123,15.70716784893722,XGBoost,0.08783603764584466,11.54409467232703,26.504289103219016
8,39,0.1947722545705585,13.292381668296743,XGBoost,0.12233330472671725,8.41390560363105,36.70129391711041
8,40,0.2117084311854823,8.96297528411306,XGBoost,0.1396685225787396,6.251692637016661,30.24980613192326
8,41,0.30082386516593596,9.342349977687094,XGBoost,0.18607481812157514,6.093753591418144,34.77279693040586
8,42,0.1850218444774284,10.384319420319287,XGBoost,0.13283951748916623,7.531758304103552,27.469889944198457
8,43,0.18100916276851323,15.086955316954644,XGBoost,0.11084951783169335,9.460687008514508,37.29227130484946
8,44,0.19999945324303633,8.597491828606334,XGBoost,0.12412027490987255,5.667996159383932,34.073840692411295
8,45,0.14182866308259143,16.59776808486457,XGBoost,0.09969258035811061,11.428482633281043,31.14446126221859
8,46,0.14417635047353003,13.160495367508153,XGBoost,0.09964394473133319,8.769013418391173,33.36866756519725
8,47,0.23113723243477222,8.28415413586535,XGBoost,0.1728321835644424,5.947799315573319,28.202696159129093
8,48,0.18616664181135611,14.284178130499207,XGBoost,0.1094131106022507,9.370954458653957,34.39626436297838
8,49,0.21486270861057988,9.815467721581411,XGBoost,0.1421649508417856,6.418444410549914,34.60887863308248
8,50,0.1470653419380433,14.230119366367939,XGBoost,0.08781580790935771,9.274463524672381,34.825117865194876
9,1,0.24165132009507237,6.807292118853129,XGBoost,0.15279565748067514,4.641431181973036,31.8167767603455
9,2,0.16375415768172993,12.682702065294233,XGBoost,0.10324156821370616,8.186560922556135,35.45097187957785
9,3,0.16702177996953496,8.320330674453414,XGBoost,0.12521735088487052,6.090445944837034,26.800433983507123
9,4,0.276615155107528,7.889798792621736,XGBoost,0.1938643367562989,5.599255544431956,29.03170674430654
9,5,0.2804489761676974,6.223760015000511,XGBoost,0.2059495690637632,4.3427402353134985,30.223205508460747
9,6,0.14742501848293885,11.568859464820642,XGBoost,0.10003346420565629,7.893580072684588,31.768727101509775
9,7,0.1690719290134725,12.97254902435146,XGBoost,0.11133760157005963,8.88609743038802,31.500760461899546
9,8,0.15735063214308462,15.758767344190135,XGBoost,0.09424813695683298,9.61743123607777,38.97091678542054
9,9,0.18301553239167906,12.104197050603858,XGBoost,0.12492520941775755,8.335545537367132,31.135080645838585
9,10,0.15300391563810298,15.924151321741626,XGBoost,0.10230969401615676,9.85633896471693,38.10446305380285
9,11,0.1347423979556388,13.292350217146325,XGBoost,0.08636004408175697,9.03926584022997,31.99648149076102
9,12,0.15950724740219008,14.95159813096419,XGBoost,0.10926597632568219,10.110809380574658,32.376396877364186
9,13,0.16344032122868982,17.331025043234224,XGBoost,0.09378356904893505,9.801980973597894,43.44257798286176
9,14,0.1593479795256618,12.535206035354252,XGBoost,0.10132829868218851,7.92001888518429,36.81780049847847
9,15,0.13454034359467446,15.989586165468845,XGBoost,0.08068253411836405,10.452227626933198,34.63103097998961
9,16,0.2625592420725447,8.225987219960453,XGBoost,0.1680527315885477,5.502079774632467,33.11344125016865
9,17,0.26633213373530096,11.321027836960587,XGBoost,0.1801009088265441,7.319344074949544,35.347353788376466
9,18,0.1576626369535333,17.43952762393005,XGBoost,0.09503668602280978,11.224956597476593,35.63497338039128
9,19,0.21257858533002147,10.909872707945928,XGBoost,0.13186192238620945,7.042572517460942,35.4477113895961
9,20,0.16535486056361176,11.03164020094802,XGBoost,0.10918509840618429,7.774297851038707,29.52727147164742
9,21,0.18926356238677883,9.722376552518098,XGBoost,0.13628642169926894,7.310668927654576,24.805741804341952
9,22,0.14343769474238688,15.829946159519382,XGBoost,0.09116439566354063,10.066543667692942,36.40822548446005
9,23,0.24373425829383197,9.607807334525035,XGBoost,0.1740476192593961,6.616755251051456,31.131474428358143
9,24,0.11752079306933193,10.903668669046134,XGBoost,0.10124571784358931,8.562115975076946,21.474906887225053
9,25,0.1478437648356394,16.347088587983862,XGBoost,0.10462542044994935,11.225468549508065,31.330472156616985
9,26,0.17151316053224686,10.893196481050595,XGBoost,0.11578611591412873,7.386041816410361,32.19582673222824
9,27,0.2304112359227156,6.971137000160874,XGBoost,0.1786239487358534,5.083668885857262,27.075470102797507
9,28,0.12768180246717012,16.070348214471043,XGBoost,0.09026018187661894,10.397403736078232,35.30069418959094
9,29,0.18686581845981662,17.365564444493938,XGBoost,0.12506340672777266,11.273010035251497,35.08411390091148
9,30,0.21279313463881205,10.742390277643509,XGBoost,0.14953127720203807,7.7522451797293375,27.835007113240916
9,31,0.16721893452187359,13.55424768092612,XGBoost,0.12267940139067247,9.755083796123111,28.029323163020603
9,32,0.19695428382445052,10.517316733184618,XGBoost,0.13292307344218302,7.04660393080871,32.99998365005962
9,33,0.16591347414297053,15.839164147110823,XGBoost,0.12192801313190102,10.804378509247876,31.78694021414841
9,34,0.21588709837085615,7.124649512339127,XGBoost,0.1629944968841591,5.435480579556815,23.7088004098567
9,35,0.17630240657044893,15.226134270889794,XGBoost,0.10850422526903561,9.342329912873167,38.64279831858324
9,36,0.13968381957353584,14.20169030941491,XGBoost,0.10049735271332308,10.180573317376435,28.314354872058466
9,37,0.2551037918951982,9.6498355595237,XGBoost,0.17990336633175077,6.883253014761133,28.669737714153555
9,38,0.1527754570257818,16.01368188907627,XGBoost,0.10435456197568184,11.054411436002164,30.968958216018216
9,39,0.20727544545680135,12.092230964112497,XGBoost,0.13490863356924956,7.83189369731027,35.23202029010295
9,40,0.261958435118267,9.940404117446924,XGBoost,0.16593420080677726,6.4009863687911475,35.60637683173825
9,41,0.33867648239344333,8.529557109346614,XGBoost,0.22491133046925674,5.691218438012438,33.27650703251579
9,42,0.22224827839416358,10.882906289554024,XGBoost,0.1448967717808903,7.328049661720511,32.66458915708617
9,43,0.2107037245229535,14.030970453540691,XGBoost,0.12636623037890737,8.552742259766442,39.04382959050297
9,44,0.20630224579512998,7.470246764172533,XGBoost,0.1490926996646155,5.596630796661591,25.081045200499197
9,45,0.1293960471241327,13.693225313765561,XGBoost,0.08982635345613262,9.84259810811103,28.12067367199138
9,46,0.1636591577495555,12.229427082468275,XGBoost,0.11140676019776398,8.511737468348148,30.399540297760076
9,47,0.29489766608260287,7.730739517833619,XGBoost,0.19570177002522057,5.091198235598916,34.14345129784402
9,48,0.18527716815677464,12.312249813135724,XGBoost,0.11698744996775534,7.7675786174602415,36.91178512985378
9,49,0.23156195721825543,8.80962722097679,XGBoost,0.14758657839834594,5.64554158599206,35.91622614235774
9,50,0.1604166962621875,13.637866398540625,XGBoost,0.10087143428263082,8.733033104871001,35.96481407234261
10,1,0.21735885578729303,6.395499417917784,XGBoost,0.1478459688060498,4.288118619861935,32.95099663603691
10,2,0.1772695756741087,13.482890717227148,XGBoost,0.10104647324198845,8.234841866635994,38.923766131885195
10,3,0.21065330659895815,10.849682005375712,XGBoost,0.14430434074327578,7.542806693743599,30.47900675792755
10,4,0.2767886705447919,8.59646367809188,XGBoost,0.19216046793473343,5.925738418974425,31.06771992678581
10,5,0.30833860237631144,7.722515340974793,XGBoost,0.21307667142425282,5.419651692603692,29.820123971167366
10,6,0.16827615624928607,13.487815456578986,XGBoost,0.10097187251052005,8.445762430952001,37.3822806358728
10,7,0.1471941457331041,11.75006480550589,XGBoost,0.08604408967056278,7.386952085046798,37.132669416551714
10,8,0.16592747232794144,17.504145983523955,XGBoost,0.09548967482834071,11.007595843482955,37.11435077241687
10,9,0.18644794653494354,13.21914142265759,XGBoost,0.12221690139336891,9.443793466731588,28.559706226117388
10,10,0.14952557608925893,15.024156373163676,XGBoost,0.10297176002640279,10.49996968616243,30.112750257860743
10,11,0.13790210400538003,13.352774387779181,XGBoost,0.09705920918366653,9.897302827858766,25.87830408550118
10,12,0.17286494881537967,18.52447664764861,XGBoost,0.10564806760031853,11.10492514744576,40.05269158923658
10,13,0.14064352463911153,17.376782787060062,XGBoost,0.0820260679595429,9.936384577991934,42.81804232834605
10,14,0.15630367102962378,12.585090223706931,XGBoost,0.10253750851815852,8.446444940720282,32.88530482833213
10,15,0.13847496862651745,17.694519897425366,XGBoost,0.08838409686079371,11.47088243862137,35.17268337814333
10,16,0.24607689088364873,8.570684989246896,XGBoost,0.16770346045787668,5.719156022466783,33.270724222833394
10,17,0.1752723808199525,8.24670372406273,XGBoost,0.11547465844928276,5.699735182039751,30.884685896878782
10,18,0.12611188434823484,15.13766655985029,XGBoost,0.07887421141895445,9.080681846520662,40.0126709713279
10,19,0.20858492178146457,11.767780155364798,XGBoost,0.12840282361651473,7.189524077891042,38.90501026556466
10,20,0.18820372958681703,11.814030181341884,XGBoost,0.11323836357779882,7.742668107782609,34.46209304585367
10,21,0.1795498073928511,10.091601480890736,XGBoost,0.12471522929496555,7.009294472250388,30.54328903570901
10,22,0.13839758297890467,15.746134601776925,XGBoost,0.08752827743471883,10.349541960066155,34.2724914919867
10,23,0.20955299470057617,8.384362791357768,XGBoost,0.1442936711432932,6.061252236583789,27.707657845728473
10,24,0.14875480870871877,14.108260008866548,XGBoost,0.09372734978092732,9.55251709203891,32.29131667522795
10,25,0.16208226678687226,17.60494436043653,XGBoost,0.10317450303767908,11.211811858531796,36.314414695180616
10,26,0.20598491193024585,12.966880520940197,XGBoost,0.14176093675714804,8.418650226934853,35.07574768395848
10,27,0.22750179333694281,6.886007888065183,XGBoost,0.16140324792208166,4.997425486154674,27.42637581324583
10,28,0.11871985095855121,14.983933902785937,XGBoost,0.08559644949879727,10.27181376816165,31.447817143321565
10,29,0.17501125392545805,16.429103213313056,XGBoost,0.11324355994135747,10.890217828178141,33.71386321711442
10,30,0.19385892970795937,11.107147658016883,XGBoost,0.12085834887283303,7.064392749012864,36.397777660640465
10,31,0.15347099799062394,12.227224407951628,XGBoost,0.10085279842835237,8.024607432278481,34.3709809802795
10,32,0.16382140789749006,10.169484674160422,XGBoost,0.11050852979174844,7.032963043771049,30.84248347764308
10,33,0.14608832428374516,14.275575116667286,XGBoost,0.09918505230348341,9.366080352221166,34.390871991658635
10,34,0.20472013097344177,6.933123649235951,XGBoost,0.13701237770623206,4.6066062143853825,33.55655477321478
10,35,0.12827548074516465,12.091559248686695,XGBoost,0.09834395522952082,8.880573800455151,26.555594544849946
10,36,0.12571976222192682,14.644191378738665,XGBoost,0.08796971122429628,9.456732751059652,35.423319004219536
10,37,0.18484511119282174,7.564430999102412,XGBoost,0.13773799589880825,5.728081725744996,24.276105811201344
10,38,0.148079990655335,16.380654689754575,XGBoost,0.08851797097256704,10.731891910035568,34.48435295600289
10,39,0.1946307456449571,11.895608202420524,XGBoost,0.12414557190572836,7.822430042198771,34.24102484640458
10,40,0.23613782887834872,9.3599963553719,XGBoost,0.15370979992152847,6.100479277974534,34.82391395939658
10,41,0.21049071816723805,6.477274765661173,XGBoost,0.15845929665286188,4.935272608731554,23.806341597618143
10,42,0.18950106591836205,9.524097483303937,XGBoost,0.1282124236815904,6.5575229782605575,31.148090517173767
10,43,0.1536565464356714,12.321210624245245,XGBoost,0.11142820726327116,8.83551489619429,28.290204869900727
10,44,0.20115959139628467,7.932549803987222,XGBoost,0.1308008369706348,5.155489099238424,35.008424445730356
10,45,0.14381123684509345,16.693818860613632,XGBoost,0.08584089363047309,9.833249281020636,41.09646592475854
10,46,0.17742319223579184,14.988257866252006,XGBoost,0.10718083603309587,9.3947155338246,37.319496250608196
10,47,0.28030058946368736,8.563825462118448,XGBoost,0.17797197679368063,5.34000918261839,37.64458177902399
10,48,0.17279901375810872,12.331869766770048,XGBoost,0.1151522787937241,8.390410117975085,31.9615737381186
10,49,0.23243648333010078,9.133996131598659,XGBoost,0.1674863643821359,6.6112781011637125,27.61899604607576
10,50,0.1361461183501112,12.474876807475166,XGBoost,0.0990440843064348,9.3738700630226,24.85801497129324
